"name","stars","forks","created_at","summary","url"
"the-litte-book-of/linear-algebra",1360,34,2025-09-02,"There is hardly any theory which is more elementary than linear algebra, in spite of the fact that generations of professors and textbook writers have obscured its simplicity by preposterous calculations with matrices. â€”Jean Dieudonne","https://github.com/the-litte-book-of/linear-algebra"
"meituan-longcat/LongCat-Flash-Chat",936,36,2025-08-30,"","https://github.com/meituan-longcat/LongCat-Flash-Chat"
"Danau5tin/multi-agent-coding-system",747,88,2025-08-30,"Reached #13 on Stanford's Terminal Bench leaderboard. Orchestrator, explorer & coder agents working together with intelligent context sharing.","https://github.com/Danau5tin/multi-agent-coding-system"
"docker/cagent",563,53,2025-09-01,"Agent Builder and Runtime by Docker Engineering","https://github.com/docker/cagent"
"mystorm16/FastVGGT",348,7,2025-09-01,"Code for FastVGGT: Training-Free Acceleration of Visual Geometry Transformer","https://github.com/mystorm16/FastVGGT"
"jwangkun/Prompt-Tools",289,22,2025-08-31,"ä¸€æ¬¾å¼ºå¤§çš„æ¡Œé¢åº”ç”¨ï¼Œæ—¨åœ¨ç®€åŒ–æ‚¨çš„ Prompt ç®¡ç†å·¥ä½œæµç¨‹ã€‚","https://github.com/jwangkun/Prompt-Tools"
"leochlon/hallbayes",288,31,2025-09-01,"","https://github.com/leochlon/hallbayes"
"enetx/surf",278,9,2025-08-30,"SURF - Advanced Go HTTP client with Chrome/Firefox browser impersonation, HTTP/3 with QUIC fingerprinting, JA3/JA4 TLS emulation, and anti-bot bypass for web automation and scraping.","https://github.com/enetx/surf"
"tahayvr/omarchist",267,11,2025-08-30,"A GUI app for Omarchy. ","https://github.com/tahayvr/omarchist"
"callstack/liquid-glass",235,7,2025-09-02,"Liquid Glass in React Native","https://github.com/callstack/liquid-glass"
"mandatoryprogrammer/thermoptic",202,11,2025-09-02,"A next-generation HTTP stealth proxy which perfectly cloaks requests as the Chrome browser across all layers of the stack.","https://github.com/mandatoryprogrammer/thermoptic"
"Spu7Nix/obamify",168,7,2025-09-01,"revolutionary new technology that turns any image into obama","https://github.com/Spu7Nix/obamify"
"ElementZoom/Material-Design-3-Dynamic-Mobile-Dashboard",165,3,2025-09-03,"Dynamic, adaptive Material Design 3 dashboard for Home Assistant with a transparent, modern aesthetic","https://github.com/ElementZoom/Material-Design-3-Dynamic-Mobile-Dashboard"
"Siddhesh2377/structured-prompt-builder",160,21,2025-09-01,"A lightweight, browserâ€‘first tool for designing wellâ€‘structured AI prompts with a clean UI, live previews, a local Prompt Library, and optional Geminiâ€‘powered prompt optimization.","https://github.com/Siddhesh2377/structured-prompt-builder"
"kbykb/OpenAI-Compatible-API-Proxy-for-Z",152,116,2025-09-01,"è¿™æ˜¯ä¸€ä¸ªä¸º Zai æä¾› OpenAI API å…¼å®¹æ¥å£çš„ä»£ç†æœåŠ¡ï¼Œå…è®¸å¼€å‘è€…é€šè¿‡æ ‡å‡†çš„ OpenAI API æ ¼å¼è®¿é—® Zai çš„ GLM-4.5 æ¨¡å‹ã€‚","https://github.com/kbykb/OpenAI-Compatible-API-Proxy-for-Z"
"xiguapiwork/nanobanana",144,787,2025-09-01,"","https://github.com/xiguapiwork/nanobanana"
"lzA6/free-VPN",135,14,2025-09-01,"æ›´æ–°çš„éƒ½æ˜¯é«˜è´¨é‡é«˜é€Ÿåº¦çš„VPNï¼Œé€šå¸¸ç”¨IDMç­‰ç­‰ä¸‹è½½å·¥å…·ä¸‹è½½huggingfaceçš„å¤§æ¨¡å‹é€Ÿåº¦éƒ½èƒ½è·‘åˆ°100MB+ï¼Œä½†æ˜¯å¯èƒ½ä»…é™äºä¸‹è½½ã€‚å¯¹äºè®¿é—®googleç›¸å…³æœåŠ¡ä¸å¤ªç†æƒ³","https://github.com/lzA6/free-VPN"
"ishtms/nodebook",127,2,2025-08-31,"Learn and Master the complex parts of the Node.js Runtime. From V8's Turbofan optimizer to production deployments.","https://github.com/ishtms/nodebook"
"xn1cklas/ai-tools-registry",122,8,2025-08-31,"Install AI tools and UI components for the AI SDK via the shadcn registry","https://github.com/xn1cklas/ai-tools-registry"
"joeseesun/img-cool",115,31,2025-09-01,"","https://github.com/joeseesun/img-cool"
"cinkhangin/composable",109,26,2025-09-02,"An open-source Android app showcasing Jetpack Compose UI components and interactions for learning and inspiration.","https://github.com/cinkhangin/composable"
"Adam-CAD/CADAM",108,10,2025-09-01,"","https://github.com/Adam-CAD/CADAM"
"ashutoshgautams/Portfolio-Website",108,168,2025-09-02,"Create a fork and clone and customise to create your own portfolio website.","https://github.com/ashutoshgautams/Portfolio-Website"
"Gu1llaum-3/sshm",108,4,2025-08-31,"SSHM is a beautiful command-line tool that transforms how you manage and connect to your SSH hosts. Built with Go and featuring an intuitive TUI interface, it makes SSH connection management effortless and enjoyable.","https://github.com/Gu1llaum-3/sshm"
"CherryHQ/hanlin-ai",107,16,2025-08-31,"A SwiftUI-based Chat App for LLMs on iOS","https://github.com/CherryHQ/hanlin-ai"
"cod-warzone-aimbots/cod-warzone-cheat",107,0,2025-08-30,"Warzone Cheat with Aimbot, ESP, Wallhack, Unlock All, and Radar. Improve aim, awareness, and strategy in every Warzone match.","https://github.com/cod-warzone-aimbots/cod-warzone-cheat"
"disler/agentic-drop-zones",104,36,2025-08-31,"","https://github.com/disler/agentic-drop-zones"
"markfulton/NanoBananaEditor",102,23,2025-08-31,"The most advanced Nano Banana image generator and editor application. Your central hub for AI image generation and revisions. Intuitive UI features reference images, editing with image masks, version history, and more. Powered by Gemini 2.5 Flash images API.","https://github.com/markfulton/NanoBananaEditor"
"xaitax/NTSleuth",101,14,2025-08-30,"Comprehensive Windows Syscall Extraction & Analysis Framework","https://github.com/xaitax/NTSleuth"
"blueshift-gg/doppler",100,16,2025-09-02,"The fastest oracle on Solana","https://github.com/blueshift-gg/doppler"
"qnguyen3/docpixie",99,11,2025-09-03,"Lightweight Vision native Multimodal Document Agent","https://github.com/qnguyen3/docpixie"
"vonssy/Bitverse-BOT",95,58,2025-08-31,"Vonssy Part 2?","https://github.com/vonssy/Bitverse-BOT"
"libaxuan/ZtoApi",94,46,2025-09-02,"ä½›æ³•GLM-4.5 For Kilo CODEã€Roo Code","https://github.com/libaxuan/ZtoApi"
"bijomaru78/eccm",94,2,2025-09-02,"Ethernet Cable Connection Manager","https://github.com/bijomaru78/eccm"
"haasonsaas/dspy-0to1-guide",94,7,2025-09-04,"A comprehensive 0-to-1 guide for building self-improving LLM applications with DSPy framework","https://github.com/haasonsaas/dspy-0to1-guide"
"ASLP-lab/WenetSpeech-Yue",90,3,2025-09-01,"A Large-scale Cantonese Speech Corpus with Multi-dimensional Annotation","https://github.com/ASLP-lab/WenetSpeech-Yue"
"cwkiller/ClassLinefix",87,8,2025-08-30,"Java bytecode line number restoration tool","https://github.com/cwkiller/ClassLinefix"
"KRSHH/Sonosano",86,1,2025-08-31,"A gui for P2P networks","https://github.com/KRSHH/Sonosano"
"0xalberto/solana-raydium-pumpfun-sniper-Rust",86,50,2025-09-01,"solana raydium sniper/pumpfun sniper: this solana raydium sniper/pumpfun sniper is written in Rustâš¡. In addtion to these solana raydium snipe bot(raydium sniping bot) and pumpfun snipe bot(pumpfun sniping bot), it has raydium bundler, pumpfun bundler, copy trading bot, raydium/pumpfun volume bot more.","https://github.com/0xalberto/solana-raydium-pumpfun-sniper-Rust"
"0xalberto/solana-crash-game",84,54,2025-08-31,"ğŸš€ Rocket Crash Game â€“ Web3 Blockchain Betting | A crash game where players bet, cash out, and win before the rocket crashes! Featuring provably fair on-chain gameplay, decentralized betting, instant payouts, and NFT rewards. Built with Rust, Anchor, and React for a fast, low-fee, and immersive crypto gaming experience.","https://github.com/0xalberto/solana-crash-game"
"githubssg/awesome-nano-banana-images",84,13,2025-09-03,"Awesome curated collection of images and prompts generated by GPT-4o and gpt-image-1. Explore AI generated visuals created with ChatGPT and Sora, showcasing OpenAIâ€™s advanced image generation capabilities.","https://github.com/githubssg/awesome-nano-banana-images"
"pengzhangzhi/Open-dLLM",83,3,2025-09-02,"The most open diffusion language model for code generation â€” releasing pretraining, evaluation, inference, and checkpoints.","https://github.com/pengzhangzhi/Open-dLLM"
"0xalberto/bonkfun-sniper-grpc",83,53,2025-08-31,"âš¡ Ultra-fast Bonk.fun Sniper Bot using Helius Laserstream gRPC for real-time Solana transaction streaming and automated sniping execution. bonk-sniper-grpc-bot bonk-sniper-grpc-bot bonk-sniper-grpc-bot bonk-sniper-grpc-bot bonk-sniper-grpc-bot bonk-sniper-grpc-bot bonk-sniper-grpc-bot bonk-sniper-grpc-bot bonk-sniper-grpc-bot","https://github.com/0xalberto/bonkfun-sniper-grpc"
"studyforever1164/TheVite",80,3,2025-09-03,"Theme beautification and Vue extension component library designed for VitePress","https://github.com/studyforever1164/TheVite"
"atomic14/web-serial-plotter",77,3,2025-08-30,"A nice web serial plotter for Arduino/ESP32/Microcontroller projects","https://github.com/atomic14/web-serial-plotter"
"firecrawl/ai-ready-website",76,29,2025-09-02,"ğŸ”¥ A tool to analyze your website's AI-readiness, powered by Firecrawl","https://github.com/firecrawl/ai-ready-website"
"yoavf/absolutelyright",74,2,2025-09-04,"Claude said I'm absolutely right!","https://github.com/yoavf/absolutelyright"
"heliusdevlabs/solana-arbitrage-bot",74,71,2025-09-03,"Solana Arbitrage Bot 80% Profitable, GRPC, ShreadStream","https://github.com/heliusdevlabs/solana-arbitrage-bot"
"Lakr233/iphone-mcp",74,4,2025-09-01,"A Model Context Protocol (MCP) server for automating iPhone tasks with Appium. Supports app control, UI interactions, and screenshot capture via streamable HTTP.","https://github.com/Lakr233/iphone-mcp"
"lofteryang/ai-wechat-api",73,12,2025-09-02,"AI-WeChat-Mater æ˜¯ä¸€ä¸ªå¼€æºé¡¹ç›®ï¼Œæ—¨åœ¨å°†äººå·¥æ™ºèƒ½èƒ½åŠ›æ·±åº¦é›†æˆåˆ°å¾®ä¿¡ç”Ÿæ€ç³»ç»Ÿä¸­ï¼Œæä¾›è‡ªåŠ¨åŒ–æ¶ˆæ¯å¤„ç†å’Œæ™ºèƒ½äº¤äº’åŠŸèƒ½ã€‚è¯¥é¡¹ç›®æ”¯æŒå¤šå¾®ä¿¡è´¦å·ç®¡ç†ã€æ™ºèƒ½AIå¯¹è¯ã€å®šæ—¶ä»»åŠ¡æ‰§è¡Œå’Œå…¨æ–¹ä½æ•°æ®åˆ†æã€‚","https://github.com/lofteryang/ai-wechat-api"
"sammwyy/listnr",72,7,2025-09-02,"TUI/Terminal interactive music player","https://github.com/sammwyy/listnr"
"heliusdevlabs/pumpfun-bundler-stealth-mode",71,70,2025-09-03,"Pumpfun Bundler Stealth Mode, No Bundler Flag, No Bubble Map Detecting","https://github.com/heliusdevlabs/pumpfun-bundler-stealth-mode"
"heliusdevlabs/pumpswap-sniper-bot-0slot",71,72,2025-09-03,"Pumpswap Sniper Bot in 0Slot, 0Block, First Buy","https://github.com/heliusdevlabs/pumpswap-sniper-bot-0slot"
"FireRedTeam/FireRedTTS2",71,1,2025-09-02,"Long-form streaming TTS system for multi-speaker dialogue generation","https://github.com/FireRedTeam/FireRedTTS2"
"TencentARC/GenCompositor",70,0,2025-09-01,"Official implementation of the paper ""GenCompositor: Generative Video Compositing with Diffusion Transformer""","https://github.com/TencentARC/GenCompositor"
"zhangganlin/vista-slam",69,1,2025-09-01,"ViSTA-SLAM: Visual SLAM with Symmetric Two-view Association","https://github.com/zhangganlin/vista-slam"
"jomonylw/openrouter-free-model",66,4,2025-08-31,"This is a web application designed to browse, filter, sort, and manage free models available on OpenRouter. It allows users to easily select models and copy their IDs in various formats compatible with other tools. The application is built with Next.js and supports multiple languages (English and Chinese)","https://github.com/jomonylw/openrouter-free-model"
"h9-tec/AI_money",66,10,2025-09-03,"","https://github.com/h9-tec/AI_money"
"MaximeRivest/functai",64,4,2025-08-30,"","https://github.com/MaximeRivest/functai"
"zquestz/dream-prompter",64,1,2025-08-30,"A Nano Banana Plugin for GIMP","https://github.com/zquestz/dream-prompter"
"Tortured-Metaphor/LightCycle",64,2,2025-09-02,"A Rust LightCycle Game","https://github.com/Tortured-Metaphor/LightCycle"
"narcotic-sh/senko",63,9,2025-09-02,"Very fast speaker diarization","https://github.com/narcotic-sh/senko"
"little-book-of/everything",63,1,2025-09-02,"42","https://github.com/little-book-of/everything"
"swiss-ai/apertus-tech-report",63,2,2025-09-02,"Tech Report of the Apertus LLM Suite","https://github.com/swiss-ai/apertus-tech-report"
"FANGG3/attd-tracer-qbdi",62,18,2025-09-01,"Attd QBDI Tracer","https://github.com/FANGG3/attd-tracer-qbdi"
"KushalVijay/250CompanyList",61,5,2025-08-30,"250 Companies List that hire for technical roles in India and pay 15 or more Lakhs per annum","https://github.com/KushalVijay/250CompanyList"
"midudev/zombie-game-gemini-flash",60,12,2025-09-03,"Un proyecto para probar Nano Banana","https://github.com/midudev/zombie-game-gemini-flash"
"roseforyou/ZtoApi",60,41,2025-09-05,"ZtoApi æ˜¯ä¸€ä¸ªé«˜æ€§èƒ½çš„ OpenAI å…¼å®¹ API ä»£ç†æœåŠ¡å™¨ï¼Œä¸“ä¸º Z.ai çš„ GLM-4.5 å’Œ GLM-4.5V æ¨¡å‹è®¾è®¡ã€‚ä½¿ç”¨ Deno åŸç”Ÿ HTTP API å®ç°ï¼Œæ”¯æŒå®Œæ•´çš„æµå¼å’Œéæµå¼å“åº”ï¼Œæä¾›å®æ—¶ç›‘æ§ Dashboardï¼Œè®©ä½ èƒ½å¤Ÿæ— ç¼åœ°å°† Z.ai çš„å¼ºå¤§ AI èƒ½åŠ›é›†æˆåˆ°ç°æœ‰çš„ OpenAI å®¢æˆ·ç«¯åº”ç”¨ä¸­ã€‚","https://github.com/roseforyou/ZtoApi"
"Jaammerr/GasZip_BNB_Sender",59,42,2025-09-02,"","https://github.com/Jaammerr/GasZip_BNB_Sender"
"NSHipster/sosumi.ai",57,2,2025-09-01,"Making Apple docs AI-readable","https://github.com/NSHipster/sosumi.ai"
"hasaneyldrm/reactnativecliboilerplate",57,12,2025-08-31,"","https://github.com/hasaneyldrm/reactnativecliboilerplate"
"Din829/agentic-rag",57,6,2025-08-31,"Flexible RAG toolsï¼Œ Features semantic search, document indexing, and intelligent reranking with minimal intrusion design.","https://github.com/Din829/agentic-rag"
"ZHO-ZHO-ZHO/Nano-Bananary",56,12,2025-09-05,"é¦™è•‰è¶…å¸‚ï½œå„ç§ç©æ³•ä¸€é”®ç”Ÿæˆï¼Œæ— éœ€æç¤ºè¯ï¼Œæ”¯æŒå±€éƒ¨æ¶‚é€‰ã€è¿ç»­ç¼–è¾‘","https://github.com/ZHO-ZHO-ZHO/Nano-Bananary"
"NiTianErXing666/Small-Trace",56,22,2025-08-30,"å¯¹ç›®æ ‡å‡½æ•°è¿›è¡Œtrace åªé€‚ç”¨äº arm64","https://github.com/NiTianErXing666/Small-Trace"
"amorehead/jvp_flash_attention",55,4,2025-09-03,"Flash Attention Triton kernel with support for second-order derivatives","https://github.com/amorehead/jvp_flash_attention"
"fmecool/Gogeo",55,2,2025-09-01,"To achieve rapid spatial analysis of large-scale vector data by leveraging the high concurrency of the Go language and the vector analysis capabilities of the GDAL library.","https://github.com/fmecool/Gogeo"
"vibevoice-community/VibeVoice",55,31,2025-09-04,"ğŸ™ï¸ VibeVoice: A Frontier Long Conversational Text-to-Speech Model | The official repo was pulled by MSFT. Not affiliated with Microsoft!","https://github.com/vibevoice-community/VibeVoice"
"teorth/erdosproblems",54,11,2025-08-31,"A community database for the problems on the erdosproblems.com site","https://github.com/teorth/erdosproblems"
"Nikityyy/lille",52,3,2025-08-31,"A powerful 130-million-parameter model trained from scratch as part of a truly open-source stack, including a custom tokenizer, dataset, and optimizer.","https://github.com/Nikityyy/lille"
"ZyphrZero/z.ai2api_python",52,15,2025-09-02,"å°†Z.aiè½¬æ¢ä¸ºOpenAIå…¼å®¹æ ¼å¼çš„é«˜æ€§èƒ½ä»£ç†ï¼Œæ— ç¼æ¥å…¥ GLM-4.5 ç³»åˆ—æ¨¡å‹","https://github.com/ZyphrZero/z.ai2api_python"
"NodotProject/Gedis",52,2,2025-08-30,"Gedis is an in-memory, Redis-like key-value store for Godot","https://github.com/NodotProject/Gedis"
"AIworldnews/ai-remove-app",51,1,2025-09-04,"Switch outfits and edit pics instantly. ğŸŒŸ Start free â†’ https://tinyurl.com/clotheschange ğŸš€ HD quality. Easy. Private.","https://github.com/AIworldnews/ai-remove-app"
"rougier/buffer-box",51,1,2025-09-03,"Box around buffers in GNU Emacs (graphics or terminal mode)","https://github.com/rougier/buffer-box"
"yangdongchao/UniAudio2",50,1,2025-09-01,"The open-source code of UniAudio2.0","https://github.com/yangdongchao/UniAudio2"
"keijiro/LightGridShader",50,8,2025-08-31,"LED display shader (Unity URP)","https://github.com/keijiro/LightGridShader"
"VersusControl/ai-infrastructure-agent",49,17,2025-08-30,"AI Infrastructure Agent is an intelligent system that allows you to manage AWS infrastructure using natural language commands.","https://github.com/VersusControl/ai-infrastructure-agent"
"cartesia-one/csm.rs",49,1,2025-09-01,"Blazing-fast rust implementation of Sesame's Conversational Speech Model (CSM)","https://github.com/cartesia-one/csm.rs"
"Yassir-aykhlf/DSA-Taxonomies",48,15,2025-09-02,"Complete DSA Pattern Taxonomy - 19 algorithm patterns, 1000+ problems, hierarchically organized for systematic learning","https://github.com/Yassir-aykhlf/DSA-Taxonomies"
"Sloth-on-meth/DoorOpener",48,4,2025-08-30,"A sleek, single-button web portal for triggering any Home Assistant action (like opening a building door), protected by secure PIN authentication. Perfect for apartment buildings, offices, or any scenario where you want easy, controlled access for multiple users.","https://github.com/Sloth-on-meth/DoorOpener"
"chflame163/kontext_hires",48,1,2025-09-04,"LoRA and ComfyUI's workflow of FLUX.1-Kontext-dev to enhance image details and high resolution","https://github.com/chflame163/kontext_hires"
"raycastly/texture-ripper",48,1,2025-09-03,"Extract and flatten textures from perspective images.","https://github.com/raycastly/texture-ripper"
"dexter-xD/loom",47,1,2025-08-31,"A fast, minimal, and customizable text editor.","https://github.com/dexter-xD/loom"
"PRBonn/rko_lio",46,0,2025-09-03,"A Robust Approach for LiDAR-Inertial Odometry Without Sensor-Specific Modelling","https://github.com/PRBonn/rko_lio"
"farizanjum/fixtral",46,23,2025-08-30,"Fixtral is an AI-powered Photoshop assistant that automates image edits requested on Reddit's r/PhotoshopRequest using Google's Gemini AI models.","https://github.com/farizanjum/fixtral"
"Wimboro/NotificationListener",46,24,2025-09-02,"Android notification listener app with Node.js backend for capturing and forwarding notifications","https://github.com/Wimboro/NotificationListener"
"Insta360-Research-Team/panoramic-vision-survey",46,0,2025-09-03,"","https://github.com/Insta360-Research-Team/panoramic-vision-survey"
"pvtoari/archstatus",46,0,2025-08-30,"A command-line tool that displays status info about Arch Linux's services ","https://github.com/pvtoari/archstatus"
"5ec1cff/local_cxa_atexit_finalize_impl",45,7,2025-09-03,"","https://github.com/5ec1cff/local_cxa_atexit_finalize_impl"
"HM-RunningHub/ComfyUI_RH_USO",45,0,2025-09-01,"This is a ComfyUI plug-in for bytedance-research/USO, easy to use","https://github.com/HM-RunningHub/ComfyUI_RH_USO"
"Laurian/context-compression-experiments-2508",45,4,2025-08-30,"prompt engineering experiments with DSPy GEPA and TextGrad","https://github.com/Laurian/context-compression-experiments-2508"
"google-gemini/gemini-cli",73776,7729,2025-04-17,"An open-source AI agent that brings the power of Gemini directly into your terminal.","https://github.com/google-gemini/gemini-cli"
"openai/codex",38845,4482,2025-04-13,"Lightweight coding agent that runs in your terminal","https://github.com/openai/codex"
"OpenCut-app/OpenCut",31625,3124,2025-06-22,"The open-source CapCut alternative","https://github.com/OpenCut-app/OpenCut"
"upstash/context7",29123,1460,2025-03-26,"Context7 MCP Server -- Up-to-date code documentation for LLMs and AI code editors","https://github.com/upstash/context7"
"Zie619/n8n-workflows",26256,584,2025-05-14,"all of the workflows of n8n i could find (also from the site itself)","https://github.com/Zie619/n8n-workflows"
"permissionlesstech/bitchat",22227,2019,2025-07-04,"bluetooth mesh chat, IRC vibes","https://github.com/permissionlesstech/bitchat"
"sst/opencode",22132,1520,2025-04-30,"AI coding agent, built for the terminal.","https://github.com/sst/opencode"
"a2aproject/A2A",19530,1979,2025-03-25,"An open protocol enabling communication and interoperability between opaque agentic applications.","https://github.com/a2aproject/A2A"
"apple/container",19345,417,2025-05-30,"A tool for creating and running Linux containers using lightweight virtual machines on a Mac. It is written in Swift, and optimized for Apple silicon. ","https://github.com/apple/container"
"microsoft/playwright-mcp",19102,1474,2025-03-21,"Playwright MCP server","https://github.com/microsoft/playwright-mcp"
"asgeirtj/system_prompts_leaks",19058,3042,2025-05-03,"Collection of extracted System Prompts from popular chatbots like ChatGPT, Claude & Gemini","https://github.com/asgeirtj/system_prompts_leaks"
"nari-labs/dia",18257,1549,2025-04-19,"A TTS model capable of generating ultra-realistic dialogue in one pass.","https://github.com/nari-labs/dia"
"openai/gpt-oss",18190,1694,2025-06-23,"gpt-oss-120b and gpt-oss-20b are two open-weight language models by OpenAI","https://github.com/openai/gpt-oss"
"firecrawl/open-lovable",17768,3024,2025-08-08,"ğŸ”¥ Clone and recreate any website as a modern React app in seconds","https://github.com/firecrawl/open-lovable"
"bytedance/deer-flow",16812,2165,2025-05-07,"DeerFlow is a community-driven Deep Research framework, combining language models with tools like web search, crawling, and Python execution, while contributing back to the open-source community.","https://github.com/bytedance/deer-flow"
"zama-ai/fhevm",16803,689,2025-05-02,"FHEVM, a full-stack framework for integrating Fully Homomorphic Encryption (FHE) with blockchain applications","https://github.com/zama-ai/fhevm"
"google-gemini/gemini-fullstack-langgraph-quickstart",16664,2811,2025-05-22,"Get started with building Fullstack Agents using Gemini 2.5 and LangGraph","https://github.com/google-gemini/gemini-fullstack-langgraph-quickstart"
"coze-dev/coze-studio",16466,2230,2025-06-26,"An AI agent development platform with all-in-one visual tools, simplifying agent creation, debugging, and deployment like never before. Coze your way to AI Agent creation.","https://github.com/coze-dev/coze-studio"
"lllyasviel/FramePack",15687,1471,2025-04-12,"Lets make video diffusion practical!","https://github.com/lllyasviel/FramePack"
"getAsterisk/opcode",15633,1141,2025-06-19,"A powerful GUI app and Toolkit for Claude Code - Create custom agents, manage interactive Claude Code sessions, run secure background agents, and more.","https://github.com/getAsterisk/opcode"
"OpenListTeam/OpenList",15463,1128,2025-06-11,"A new AList Fork to Anti Trust Crisis","https://github.com/OpenListTeam/OpenList"
"SuperClaude-Org/SuperClaude_Framework",15022,1342,2025-06-22,"A configuration framework that enhances Claude Code with specialized commands, cognitive personas, and development methodologies.","https://github.com/SuperClaude-Org/SuperClaude_Framework"
"google/langextract",14584,975,2025-07-08,"A Python library for extracting structured information from unstructured text using LLMs with precise source grounding and interactive visualization.","https://github.com/google/langextract"
"dyad-sh/dyad",14470,1429,2025-04-11,"Free, local, open-source AI app builder âœ¨ v0 / lovable / Bolt alternative ğŸŒŸ Star if you like it!","https://github.com/dyad-sh/dyad"
"openai/openai-agents-python",14332,2336,2025-03-11,"A lightweight, powerful framework for multi-agent workflows","https://github.com/openai/openai-agents-python"
"mindverse/Second-Me",14145,1056,2025-03-16,"Train your AI self, amplify you, bridge the world","https://github.com/mindverse/Second-Me"
"humanlayer/12-factor-agents",13752,974,2025-03-30,"What are the principles we can use to build LLM-powered software that is actually good enough to put in the hands of production customers?","https://github.com/humanlayer/12-factor-agents"
"google-ai-edge/gallery",13534,1095,2025-03-31,"A gallery that showcases on-device ML/GenAI use cases and allows people to try and use models locally.","https://github.com/google-ai-edge/gallery"
"hesreallyhim/awesome-claude-code",13378,738,2025-04-19,"A curated list of awesome commands, files, and workflows for Claude Code","https://github.com/hesreallyhim/awesome-claude-code"
"bmad-code-org/BMAD-METHOD",13279,2077,2025-04-13,"Breakthrough Method for Agile Ai Driven Development","https://github.com/bmad-code-org/BMAD-METHOD"
"google/adk-python",12758,1827,2025-04-01,"An open-source, code-first Python toolkit for building, evaluating, and deploying sophisticated AI agents with flexibility and control.","https://github.com/google/adk-python"
"TecharoHQ/anubis",12638,353,2025-03-17,"Weighs the soul of incoming HTTP requests to stop AI crawlers","https://github.com/TecharoHQ/anubis"
"microsoft/edit",12206,541,2025-03-21,"We all edit.","https://github.com/microsoft/edit"
"QwenLM/qwen-code",12173,897,2025-06-26,"qwen-code is a coding agent that lives in digital world.","https://github.com/QwenLM/qwen-code"
"astral-sh/ty",12124,117,2025-05-02,"An extremely fast Python type checker and language server, written in Rust.","https://github.com/astral-sh/ty"
"NirDiamant/agents-towards-production",12010,1555,2025-06-16," This repository delivers end-to-end, code-first tutorials covering every layer of production-grade GenAI agents, guiding you from spark to scale with proven patterns and reusable blueprints for real-world launches.","https://github.com/NirDiamant/agents-towards-production"
"charmbracelet/crush",11998,588,2025-05-21,"The glamourous AI coding agent for your favourite terminal ğŸ’˜","https://github.com/charmbracelet/crush"
"resemble-ai/chatterbox",11978,1485,2025-04-23,"SoTA open-source TTS","https://github.com/resemble-ai/chatterbox"
"wshobson/agents",11770,1189,2025-07-24,"A collection of production-ready subagents for Claude Code","https://github.com/wshobson/agents"
"oraios/serena",11556,803,2025-03-23,"A powerful coding agent toolkit providing semantic retrieval and editing capabilities (MCP server & other integrations)","https://github.com/oraios/serena"
"LibreSpark/LibreTV",11411,23580,2025-04-06,"ä¸€åˆ†é’Ÿæ­å»ºå½±è§†ç«™ï¼Œæ”¯æŒVercel/Dockerç­‰éƒ¨ç½²æ–¹å¼","https://github.com/LibreSpark/LibreTV"
"The-Pocket/PocketFlow-Tutorial-Codebase-Knowledge",11405,1276,2025-04-02,"Pocket Flow: Codebase to Tutorial","https://github.com/The-Pocket/PocketFlow-Tutorial-Codebase-Knowledge"
"HW-whistleblower/True-Story-of-Pangu",11402,1377,2025-07-05,"è¯ºäºšç›˜å¤å¤§æ¨¡å‹ç ”å‘èƒŒåçš„çœŸæ­£çš„å¿ƒé…¸ä¸é»‘æš—çš„æ•…äº‹ã€‚","https://github.com/HW-whistleblower/True-Story-of-Pangu"
"enescingoz/awesome-n8n-templates",10960,3179,2025-05-08,"Supercharge your workflow automation with this curated collection of n8n templates! Instantly connect your favorite apps-like Gmail, Telegram, Google Drive, Slack, and more-with ready-to-use, AI-powered automations. Save time, boost productivity, and unlock the true potential of n8n in just a few clicks.","https://github.com/enescingoz/awesome-n8n-templates"
"stan-smith/FossFLOW",10583,582,2025-06-30,"Make beautiful isometric infrastructure diagrams","https://github.com/stan-smith/FossFLOW"
"sapientinc/HRM",10399,1510,2025-07-09,"Hierarchical Reasoning Model Official Release","https://github.com/sapientinc/HRM"
"microsoft/mcp-for-beginners",10347,3040,2025-04-04,"This open-source curriculum introduces the fundamentals of Model Context Protocol (MCP) through real-world, cross-language examples in .NET, Java, TypeScript, JavaScript, Rust and Python. Designed for developers, it focuses on practical techniques for building modular, scalable, and secure AI workflows from session setup to service orchestration.","https://github.com/microsoft/mcp-for-beginners"
"AsyncFuncAI/deepwiki-open",10115,1064,2025-04-30,"Open Source DeepWiki: AI-Powered Wiki Generator for GitHub/Gitlab/Bitbucket Repositories. Join the discord: https://discord.gg/gMwThUMeme","https://github.com/AsyncFuncAI/deepwiki-open"
"ayangweb/BongoCat",9995,490,2025-03-28,"ğŸ± è·¨å¹³å°æ¡Œå®  BongoCatï¼Œä¸ºæ¡Œé¢å¢æ·»ä¹è¶£ï¼","https://github.com/ayangweb/BongoCat"
"shareAI-lab/analysis_claude_code",9704,2482,2025-06-29,"æœ¬ä»“åº“åŒ…å«å¯¹ Claude Code v1.0.33 è¿›è¡Œé€†å‘å·¥ç¨‹çš„å®Œæ•´ç ”ç©¶å’Œåˆ†æèµ„æ–™ã€‚åŒ…æ‹¬å¯¹æ··æ·†æºä»£ç çš„æ·±åº¦æŠ€æœ¯åˆ†æã€ç³»ç»Ÿæ¶æ„æ–‡æ¡£ï¼Œä»¥åŠé‡æ„ Claude      Code agent ç³»ç»Ÿçš„å®ç°è“å›¾ã€‚ä¸»è¦å‘ç°åŒ…æ‹¬å®æ—¶ Steering æœºåˆ¶ã€å¤š Agent      æ¶æ„ã€æ™ºèƒ½ä¸Šä¸‹æ–‡ç®¡ç†å’Œå·¥å…·æ‰§è¡Œç®¡é“ã€‚è¯¥é¡¹ç›®ä¸ºç†è§£ç°ä»£ AI agent ç³»ç»Ÿè®¾è®¡å’Œå®ç°æä¾›æŠ€æœ¯å‚è€ƒã€‚","https://github.com/shareAI-lab/analysis_claude_code"
"coleam00/context-engineering-intro",9562,2050,2025-07-02,"Context engineering is the new vibe coding - it's the way to actually make AI coding assistants work. Claude Code is the best for this so that's what this repo is centered around, but you can apply this strategy with any AI coding assistant!","https://github.com/coleam00/context-engineering-intro"
"opencode-ai/opencode",9345,758,2025-03-16,"A powerful AI coding agent. Built for the terminal.","https://github.com/opencode-ai/opencode"
"bytedance/trae-agent",9297,939,2025-06-13,"Trae Agent is an LLM-based agent for general purpose software engineering tasks.","https://github.com/bytedance/trae-agent"
"contains-studio/agents",8865,1865,2025-07-28,"sharing current agents in use","https://github.com/contains-studio/agents"
"KittenML/KittenTTS",8557,410,2025-08-05," State-of-the-art TTS model under 25MB ğŸ˜» ","https://github.com/KittenML/KittenTTS"
"microsoft/vscode-copilot-chat",8484,1173,2025-06-10,"Copilot Chat extension for VS Code","https://github.com/microsoft/vscode-copilot-chat"
"Olow304/memvid",8325,701,2025-05-27,"Video-based AI memory library. Store millions of text chunks in MP4 files with lightning-fast semantic search. No database needed.","https://github.com/Olow304/memvid"
"Kilo-Org/kilocode",8065,835,2025-03-10,"Open Source AI coding assistant for planning, building, and fixing code. We frequently merge features from open-source projects like Roo Code and Cline, while building our own vision. Follow us: kilocode.ai/social","https://github.com/Kilo-Org/kilocode"
"MoonshotAI/Kimi-K2",7977,517,2025-07-03,"Kimi K2 is the large language model series developed by Moonshot AI team","https://github.com/MoonshotAI/Kimi-K2"
"apple/containerization",7810,187,2025-05-29,"Containerization is a Swift package for running Linux containers on macOS.","https://github.com/apple/containerization"
"ryoppippi/ccusage",7772,230,2025-05-29,"A CLI tool for analyzing Claude Code usage from local JSONL files.","https://github.com/ryoppippi/ccusage"
"microsoft/magentic-ui",7608,767,2025-05-05,"A research prototype of a human-centered web agent","https://github.com/microsoft/magentic-ui"
"hangwin/mcp-chrome",7465,636,2025-06-09,"Chrome MCP Server is a Chrome extension-based Model Context Protocol (MCP) server that exposes your Chrome browser functionality to AI assistants like Claude, enabling complex browser automation, content analysis, and semantic search.","https://github.com/hangwin/mcp-chrome"
"mcp-use/mcp-use",7303,844,2025-03-28,"mcp-use is the easiest way to interact with mcp servers with custom agents","https://github.com/mcp-use/mcp-use"
"ruvnet/claude-flow",7203,989,2025-06-02,"Claude-Flow v2.0.0 Alpha represents a leap in AI-powered development orchestration. Built from the ground up with enterprise-grade architecture, advanced swarm intelligence, and seamless Claude Code integration.","https://github.com/ruvnet/claude-flow"
"KrishKrosh/TrackWeight",7199,304,2025-07-21,"Use your Mac trackpad as a weighing scale","https://github.com/KrishKrosh/TrackWeight"
"boson-ai/higgs-audio",7160,502,2025-07-20,"Text-audio foundation model from Boson AI","https://github.com/boson-ai/higgs-audio"
"jamez-bondos/awesome-gpt4o-images",7081,1049,2025-04-13,"Awesome curated collection of images and prompts generated by GPT-4o and gpt-image-1. Explore AI generated visuals created with ChatGPT and Sora, showcasing OpenAIâ€™s advanced image generation capabilities.","https://github.com/jamez-bondos/awesome-gpt4o-images"
"jnsahaj/tweakcn",6971,399,2025-03-13,"A visual no-code theme editor for shadcn/ui components","https://github.com/jnsahaj/tweakcn"
"basecamp/omarchy",6945,837,2025-06-01,"Opinionated Arch/Hyprland Setup","https://github.com/basecamp/omarchy"
"antiwork/gumroad",6941,1240,2025-04-03,"Sell stuff and see what sticks","https://github.com/antiwork/gumroad"
"BeehiveInnovations/zen-mcp-server",6896,596,2025-06-08,"The power of Claude Code / GeminiCLI / CodexCLI + [Gemini / OpenAI / Grok / OpenRouter / Ollama / Custom Model / All Of The Above] working as one.","https://github.com/BeehiveInnovations/zen-mcp-server"
"github/awesome-copilot",6734,776,2025-06-11,"Community-contributed instructions, prompts, and configurations to help you make the most of GitHub Copilot.","https://github.com/github/awesome-copilot"
"OpenPipe/ART",6665,449,2025-03-10,"Agent Reinforcement Trainer: train multi-step agents for real-world tasks using GRPO. Give your agents on-the-job training. Reinforcement learning for Qwen2.5, Qwen3, Llama, and more!","https://github.com/OpenPipe/ART"
"facebookresearch/dinov3",6546,349,2025-08-07,"Reference PyTorch implementation and models for DINOv3","https://github.com/facebookresearch/dinov3"
"davidkimai/Context-Engineering",6521,711,2025-06-29,"""Context engineering is the delicate art and science of filling the context window with just the right information for the next step."" â€” Andrej Karpathy. A frontier, first-principles handbook inspired by Karpathy and 3Blue1Brown for moving beyond prompt engineering to the wider discipline of context design, orchestration, and optimization.","https://github.com/davidkimai/Context-Engineering"
"czlonkowski/n8n-mcp",6446,1225,2025-06-07,"A MCP for Claude Desktop / Claude Code / Windsurf / Cursor to build n8n workflows for you ","https://github.com/czlonkowski/n8n-mcp"
"Snouzy/workout-cool",6364,459,2025-06-11,"ğŸ‹ Modern open-source fitness coaching platform. Create workout plans, track progress, and access a comprehensive exercise database.","https://github.com/Snouzy/workout-cool"
"ag-ui-protocol/ag-ui",6329,574,2025-05-07,"AG-UI: the Agent-User Interaction Protocol. Bring Agents into Frontend Applications.","https://github.com/ag-ui-protocol/ag-ui"
"hsliuping/TradingAgents-CN",6277,1535,2025-06-26,"åŸºäºå¤šæ™ºèƒ½ä½“LLMçš„ä¸­æ–‡é‡‘èäº¤æ˜“æ¡†æ¶ - TradingAgentsä¸­æ–‡å¢å¼ºç‰ˆ","https://github.com/hsliuping/TradingAgents-CN"
"GeeeekExplorer/nano-vllm",6262,769,2025-06-09,"Nano vLLM","https://github.com/GeeeekExplorer/nano-vllm"
"awslabs/mcp",6221,829,2025-03-21,"AWS MCP Servers â€” helping you get the most out of AWS, wherever you use MCP.","https://github.com/awslabs/mcp"
"apple/ml-fastvlm",6203,392,2025-05-01,"This repository contains the official implementation of ""FastVLM: Efficient Vision Encoding for Vision Language Models"" - CVPR 2025","https://github.com/apple/ml-fastvlm"
"stagewise-io/stagewise",6088,363,2025-04-26,"stagewise is the first frontend coding agent for existing production-grade web apps ğŸª„  -- Lives inside your browser ğŸ’» -- Makes changes in local codebase ğŸ¤“ -- Compatible with all kinds of frameworks and setups ğŸ’ª","https://github.com/stagewise-io/stagewise"
"idosal/git-mcp",6014,467,2025-03-29,"Put an end to code hallucinations! GitMCP is a free, open-source, remote MCP server for any GitHub project","https://github.com/idosal/git-mcp"
"zumerlab/snapdom",5920,186,2025-04-27,"snapDOM captures HTML elements to images with exceptional speed and accuracy.","https://github.com/zumerlab/snapdom"
"Jackywine/Bella",5907,956,2025-07-16,"Bella is best","https://github.com/Jackywine/Bella"
"nlweb-ai/NLWeb",5871,624,2025-04-28,"The main repo for NLWeb, implemented in Python.","https://github.com/nlweb-ai/NLWeb"
"bytedance/MegaTTS3",5862,457,2025-03-20,"","https://github.com/bytedance/MegaTTS3"
"LaurieWired/GhidraMCP",5810,423,2025-03-23,"MCP Server for Ghidra","https://github.com/LaurieWired/GhidraMCP"
"openai/openai-cs-agents-demo",5776,870,2025-06-14,"Demo of a customer service use case implemented with the OpenAI Agents SDK","https://github.com/openai/openai-cs-agents-demo"
"bytedance/Dolphin",5749,461,2025-05-13,"The official repo for â€œDolphin: Document Image Parsing via Heterogeneous Anchor Promptingâ€, ACL, 2025.","https://github.com/bytedance/Dolphin"
"dingyufei615/ai-goofish-monitor",5741,767,2025-07-16,"åŸºäº Playwright å’ŒAIè¿‡æ»¤çš„é—²é±¼å¤šä»»åŠ¡å®æ—¶/å®šæ—¶ç›‘æ§ä¸æ™ºèƒ½åˆ†æå·¥å…·ï¼Œé…å¤‡äº†åŠŸèƒ½å®Œå–„çš„åå°ç®¡ç†ç•Œé¢ã€‚å¸®åŠ©ç”¨æˆ·èŠ‚çœé—²é±¼å•†å“è¿‡æ»¤ï¼Œèƒ½åŠæ—¶æ‰¾åˆ°å¿ƒä»ªå•†å“ã€‚","https://github.com/dingyufei615/ai-goofish-monitor"
"agentcodee/cursor-free-everyday",5685,544,2025-05-14,"å®Œå…¨å…è´¹, è‡ªåŠ¨è·å–æ–°è´¦å·,ä¸€é”®é‡ç½®æ–°é¢åº¦,  è§£å†³æœºå™¨ç é—®é¢˜, è‡ªåŠ¨æ»¡é¢åº¦","https://github.com/agentcodee/cursor-free-everyday"
"pickle-com/glass",5676,894,2025-07-02,"Digital Mind Extension","https://github.com/pickle-com/glass"
"Yuliang-Liu/MonkeyOCR",5655,359,2025-06-03,"A lightweight LMM-based Document Parsing Model","https://github.com/Yuliang-Liu/MonkeyOCR"
"HKUDS/DeepCode",5606,727,2025-05-14,"""DeepCode: Open Agentic Coding (Paper2Code & Text2Web & Text2Backend)""","https://github.com/HKUDS/DeepCode"
"jd-opensource/joyagent-jdgenie",5597,914,2025-07-16,"å¼€æºçš„ç«¯åˆ°ç«¯äº§å“çº§é€šç”¨æ™ºèƒ½ä½“","https://github.com/jd-opensource/joyagent-jdgenie"
"chaitin/PandaWiki",5568,490,2025-05-15,"PandaWiki æ˜¯ä¸€æ¬¾ AI å¤§æ¨¡å‹é©±åŠ¨çš„å¼€æºçŸ¥è¯†åº“æ­å»ºç³»ç»Ÿï¼Œå¸®åŠ©ä½ å¿«é€Ÿæ„å»ºæ™ºèƒ½åŒ–çš„ äº§å“æ–‡æ¡£ã€æŠ€æœ¯æ–‡æ¡£ã€FAQã€åšå®¢ç³»ç»Ÿï¼Œå€ŸåŠ©å¤§æ¨¡å‹çš„åŠ›é‡ä¸ºä½ æä¾› AI åˆ›ä½œã€AI é—®ç­”ã€AI æœç´¢ç­‰èƒ½åŠ›ã€‚","https://github.com/chaitin/PandaWiki"
"LuckyOne7777/ChatGPT-Micro-Cap-Experiment",5560,1117,2025-07-10,"This repo powers my blog experiment where ChatGPT manages a real-money micro-cap stock portfolio.","https://github.com/LuckyOne7777/ChatGPT-Micro-Cap-Experiment"
"deepseek-ai/DeepSeek-V3",99167,16177,2024-12-26,"","https://github.com/deepseek-ai/DeepSeek-V3"
"deepseek-ai/DeepSeek-R1",91037,11736,2025-01-20,"","https://github.com/deepseek-ai/DeepSeek-R1"
"x1xhlol/system-prompts-and-models-of-ai-tools",80877,22588,2025-03-05,"FULL v0, Cursor, Manus, Augment Code, Same.dev, Lovable, Devin, Replit Agent, Windsurf Agent, VSCode Agent, Dia Browser, Xcode, Trae AI, Cluely & Orchids.app (And other Open Sourced) System Prompts, Tools & AI Models.","https://github.com/x1xhlol/system-prompts-and-models-of-ai-tools"
"microsoft/markitdown",72905,4016,2024-11-13,"Python tool for converting files and office documents to Markdown.","https://github.com/microsoft/markitdown"
"browser-use/browser-use",69311,8065,2024-10-31,"ğŸŒ Make websites accessible for AI agents. Automate tasks online with ease.","https://github.com/browser-use/browser-use"
"modelcontextprotocol/servers",66932,7842,2024-11-19,"Model Context Protocol Servers","https://github.com/modelcontextprotocol/servers"
"FoundationAgents/OpenManus",49465,8668,2025-03-06,"No fortress, purely open ground.  OpenManus is Coming.","https://github.com/FoundationAgents/OpenManus"
"virattt/ai-hedge-fund",39788,7023,2024-11-29,"An AI Hedge Fund Team","https://github.com/virattt/ai-hedge-fund"
"inkonchain/ink-kit",36819,410,2024-11-04,"Onchain-focused SDK with ready-to-use templates, themes, and magical animated components âœ¨","https://github.com/inkonchain/ink-kit"
"microsoft/ai-agents-for-beginners",36273,11780,2024-11-28,"11 Lessons to Get Started Building AI Agents","https://github.com/microsoft/ai-agents-for-beginners"
"yeongpin/cursor-free-vip",35119,4313,2025-01-11,"[Support 0.49.x]ï¼ˆReset Cursor AI MachineID & Bypass Higher Token Limitï¼‰ Cursor Ai ï¼Œè‡ªåŠ¨é‡ç½®æœºå™¨ID ï¼Œ å…è´¹å‡çº§ä½¿ç”¨ProåŠŸèƒ½: You've reached your trial request limit. / Too many free trial accounts used on this machine. Please upgrade to pro. We have this limit in place to prevent abuse. Please let us know if you believe this is a mistake.","https://github.com/yeongpin/cursor-free-vip"
"anthropics/claude-code",32685,1983,2025-02-22,"Claude Code is an agentic coding tool that lives in your terminal, understands your codebase, and helps you code faster by executing routine tasks, explaining complex code, and handling git workflows - all through natural language commands.","https://github.com/anthropics/claude-code"
"Byaidu/PDFMathTranslate",26916,2368,2024-09-06,"PDF scientific paper translation with preserved formats - åŸºäº AI å®Œæ•´ä¿ç•™æ’ç‰ˆçš„ PDF æ–‡æ¡£å…¨æ–‡åŒè¯­ç¿»è¯‘ï¼Œæ”¯æŒ Google/DeepL/Ollama/OpenAI ç­‰æœåŠ¡ï¼Œæä¾› CLI/GUI/MCP/Docker/Zotero","https://github.com/Byaidu/PDFMathTranslate"
"voideditor/void",26884,1980,2024-09-11,"","https://github.com/voideditor/void"
"huggingface/open-r1",25379,2367,2025-01-24,"Fully open reproduction of DeepSeek-R1","https://github.com/huggingface/open-r1"
"microsoft/OmniParser",23448,1990,2024-09-20,"A simple screen parsing tool towards pure vision based GUI agent","https://github.com/microsoft/OmniParser"
"huggingface/smolagents",22594,1979,2024-12-05,"ğŸ¤— smolagents: a barebones library for agents that think in code.","https://github.com/huggingface/smolagents"
"github/github-mcp-server",22292,2453,2025-03-04,"GitHub's official MCP Server","https://github.com/github/github-mcp-server"
"huggingface/agents-course",22254,1559,2025-01-16,"This repository contains the Hugging Face Agents Course. ","https://github.com/huggingface/agents-course"
"microsoft/typescript-go",21989,695,2024-09-19,"Staging repo for development of native port of TypeScript","https://github.com/microsoft/typescript-go"
"Fosowl/agenticSeek",21725,2262,2025-02-19,"Fully Local Manus AI. No APIs, No $200 monthly bills. Enjoy an autonomous agent that thinks, browses the web, and code for the sole cost of electricity. ğŸ”” Official updates only via twitter @Martin993886460 (Beware of fake account)","https://github.com/Fosowl/agenticSeek"
"eyaltoledano/claude-task-master",21662,2107,2025-03-04,"An AI-powered task-management system you can drop into Cursor, Lovable, Windsurf, Roo, and others.","https://github.com/eyaltoledano/claude-task-master"
"XiaoMi/ha_xiaomi_home",20625,1069,2024-09-09,"Xiaomi Home Integration for Home Assistant","https://github.com/XiaoMi/ha_xiaomi_home"
"HKUDS/LightRAG",20416,2946,2024-10-02,"""LightRAG: Simple and Fast Retrieval-Augmented Generation""","https://github.com/HKUDS/LightRAG"
"community-scripts/ProxmoxVE",20318,1772,2024-11-01,"Proxmox VE Helper-Scripts (Community Edition) ","https://github.com/community-scripts/ProxmoxVE"
"TauricResearch/TradingAgents",19917,3579,2024-12-28,"TradingAgents: Multi-Agents LLM Financial Trading Framework","https://github.com/TauricResearch/TradingAgents"
"bytedance/UI-TARS-desktop",18277,1733,2025-01-19,"The Open-Source Multimodal AI Agent Stack: Connecting Cutting-Edge AI Models and Agent Infra","https://github.com/bytedance/UI-TARS-desktop"
"modelcontextprotocol/python-sdk",18209,2420,2024-09-24,"The official Python SDK for Model Context Protocol servers and clients","https://github.com/modelcontextprotocol/python-sdk"
"camel-ai/owl",18002,2088,2025-03-03,"ğŸ¦‰ OWL: Optimized Workforce Learning for General Multi-Agent Assistance in Real-World Task Automation","https://github.com/camel-ai/owl"
"patchy631/ai-engineering-hub",17893,3008,2024-10-21,"In-depth tutorials on LLMs, RAGs and real-world AI agent applications.","https://github.com/patchy631/ai-engineering-hub"
"kortix-ai/suna",17881,2977,2024-10-05,"Kortix â€“ build, manage and train AI Agents. Fully Open Source.","https://github.com/kortix-ai/suna"
"dzhng/deep-research",17643,1822,2025-02-04,"An AI-powered research assistant that performs iterative, deep research on any topic by combining search engines, web scraping, and large language models.  The goal of this repo is to provide the simplest implementation of a deep research agent - e.g. an agent that can refine its research direction overtime and deep dive into a topic.","https://github.com/dzhng/deep-research"
"deepseek-ai/Janus",17530,2242,2024-10-18,"Janus-Series: Unified Multimodal Understanding and Generation Models","https://github.com/deepseek-ai/Janus"
"jlowin/fastmcp",17296,1177,2024-11-30,"ğŸš€ The fast, Pythonic way to build MCP servers and clients","https://github.com/jlowin/fastmcp"
"musistudio/claude-code-router",16739,1246,2025-02-25,"Use Claude Code as the foundation for coding infrastructure, allowing you to decide how to interact with the model while enjoying updates from Anthropic.","https://github.com/musistudio/claude-code-router"
"NirDiamant/GenAI_Agents",16309,2473,2024-09-09,"This repository provides tutorials and implementations for various Generative AI Agent techniques, from basic to advanced. It serves as a comprehensive guide for building intelligent, interactive AI systems.","https://github.com/NirDiamant/GenAI_Agents"
"Flowseal/zapret-discord-youtube",15949,1104,2024-10-08,"","https://github.com/Flowseal/zapret-discord-youtube"
"richards199999/Thinking-Claude",15527,1790,2024-11-13,"Let your Claude able to think","https://github.com/richards199999/Thinking-Claude"
"browser-use/web-ui",14794,2564,2025-01-02,"ğŸ–¥ï¸ Run AI Agent in your browser.","https://github.com/browser-use/web-ui"
"linshenkx/prompt-optimizer",14312,1742,2025-02-12,"ä¸€æ¬¾æç¤ºè¯ä¼˜åŒ–å™¨ï¼ŒåŠ©åŠ›äºç¼–å†™é«˜è´¨é‡çš„æç¤ºè¯","https://github.com/linshenkx/prompt-optimizer"
"fosrl/pangolin",14292,384,2024-09-27,"Identity-Aware Tunneled Reverse Proxy Server with Dashboard UI","https://github.com/fosrl/pangolin"
"nextjs/saas-starter",14253,2119,2024-09-10,"Get started quickly with Next.js, Postgres, Stripe, and shadcn/ui.","https://github.com/nextjs/saas-starter"
"ahmedkhaleel2004/gitdiagram",14206,1056,2024-12-15,"Free, simple, fast interactive diagrams for any GitHub repository","https://github.com/ahmedkhaleel2004/gitdiagram"
"simstudioai/sim",14202,1728,2025-01-05,"Open-source platform to build and deploy AI agent workflows.","https://github.com/simstudioai/sim"
"Max-Eee/NeoPass",14111,48,2024-11-15,"Your Essential Exam Companion for the Iamneo Portal & NPTEL Exams Disguised as NeoExamShield bypass","https://github.com/Max-Eee/NeoPass"
"SesameAILabs/csm",14003,1387,2025-02-26,"A Conversational Speech Generation Model","https://github.com/SesameAILabs/csm"
"Wan-Video/Wan2.1",13947,1892,2025-02-25,"Wan: Open and Advanced Large-Scale Video Generative Models","https://github.com/Wan-Video/Wan2.1"
"SWivid/F5-TTS",13144,1911,2024-10-08,"Official code for ""F5-TTS: A Fairytaler that Fakes Fluent and Faithful Speech with Flow Matching""","https://github.com/SWivid/F5-TTS"
"ahujasid/blender-mcp",13123,1235,2025-03-07,"","https://github.com/ahujasid/blender-mcp"
"lynx-family/lynx",13072,481,2025-03-04,"Empower the Web community and invite more to build across platforms.","https://github.com/lynx-family/lynx"
"volcengine/verl",13044,2294,2024-10-31,"verl: Volcano Engine Reinforcement Learning for LLMs","https://github.com/volcengine/verl"
"moeru-ai/airi",12909,1079,2024-12-01,"ğŸ’–ğŸ§¸ Self hosted, you owned Grok Companion, a container of souls of waifu, cyber livings to bring them into our worlds, wishing to achieve Neuro-sama's altitude. Capable of realtime voice chat, Minecraft, Factorio playing. Web / macOS / Windows supported.","https://github.com/moeru-ai/airi"
"ourongxing/newsnow",12854,3874,2024-09-23,"Elegant reading of real-time and hottest news","https://github.com/ourongxing/newsnow"
"Jiayi-Pan/TinyZero",12167,1499,2025-01-21,"Minimal reproduction of DeepSeek R1-Zero","https://github.com/Jiayi-Pan/TinyZero"
"readest/readest",12118,648,2024-10-12,"Readest is a modern, feature-rich ebook reader designed for avid readers offering seamless cross-platform access, powerful tools, and an intuitive interface to elevate your reading experience.","https://github.com/readest/readest"
"coderamp-labs/gitingest",12062,892,2024-11-29,"Replace 'hub' with 'ingest' in any GitHub URL to get a prompt-friendly extract of a codebase ","https://github.com/coderamp-labs/gitingest"
"deepseek-ai/FlashMLA",11720,897,2025-02-21,"FlashMLA: Efficient MLA kernels","https://github.com/deepseek-ai/FlashMLA"
"coleam00/Archon",11627,2014,2025-02-07,"Beta release of Archon OS - the knowledge and task management backbone for AI coding assistants.","https://github.com/coleam00/Archon"
"Tencent-Hunyuan/Hunyuan3D-2",11591,1096,2025-01-21,"High-Resolution 3D Assets Generation with Large Scale Hunyuan3D Diffusion Models.","https://github.com/Tencent-Hunyuan/Hunyuan3D-2"
